Tiempo,Entrada,Salida
0.0,0.1,0.7458998644035384
0.5,0.1,0.20314669317868161
1.0,0.1,0.14247893381534127
1.5,0.1,0.01485527309172896
2.0,0.1,0.9788910232393988
2.5,0.1,0.3046882568250958
3.0,0.1,0.6764619483594653
3.5,0.1,0.1397639915986757
4.0,0.2,0.48834572187793013
4.5,0.2,0.3661973482044871
5.0,0.2,0.5582808228502477
5.5,0.2,
6.0,0.2,
6.5,0.2,
7.0,0.2,
7.5,0.2,
8.0,0.2,
8.5,0.2,
9.0,0.2,
9.5,0.2,
10.0,0.2,
