Tiempo,Entrada,Salida
0.0,0.1,0.10519095178812776
0.5,0.1,0.8305016764260307
1.0,0.1,0.4192787666664263
1.5,0.1,0.7559648736513997
2.0,0.1,0.9042215521530688
2.5,0.1,0.24867225659454795
3.0,0.1,0.2713906244037365
3.5,0.1,0.7697962731282051
4.0,0.2,
4.5,0.2,
5.0,0.2,
5.5,0.2,
6.0,0.2,
6.5,0.2,
7.0,0.2,
7.5,0.2,
8.0,0.2,
8.5,0.2,
9.0,0.2,
9.5,0.2,
10.0,0.2,
